Inertia,0.5,Rationality,0.5,AlzCop,67448.97,AlzCop,67301.03,Error1,61.93212418031212,Error2,61.93212418031212
Inertia,0.5,Rationality,0.5,AlzCop,14839.7925,AlzDft,28720.512500000023,Error1,34.14782898722992,Error2,13.62054785695129
Inertia,0.5,Rationality,0.5,AlzDft,16873.28775000003,AlzDft,16851.712250000033,Error1,17.39801797939339,Error2,17.39801797939329
Actual Payoff Matrix
100.0,100.0  22.0,43.0  AlzCop , 122.0,
43.0,22.0  25.0,25.0  AlzDft , 68.0,

<?xml version="1.0" encoding="UTF-8"?>
<gambit:document xmlns:gambit="http://gambit.sourceforge.net/" version="0.1">
<colors>
<player id="-1" red="0" green="0" blue="0" />
<player id="0" red="154" green="205" blue="50" />
<player id="1" red="255" green="0" blue="0" />
<player id="2" red="0" green="0" blue="255" />
</colors>
<font size="10" family="74" face="Arial" style="90" weight="92" />
<numbers decimals="4"/>
<game>
<nfgfile>
NFG 1 R "Retail Strategic Game" { "Player 1" "Player 2" }

{ { "AlzCop"  "AlzDft" }
{ "AlzCop"  "AlzDft" }
}
""

{
{ "" 100.0, 100.0 }
{ "" 43.0, 22.0 }
{ "" 22.0, 43.0 }
{ "" 25.0, 25.0 }
}
1 2 3 4 </nfgfile>
</game>
</gambit:document>
Count	AlzCop			AlzDft			
NE-1			1			0			
NE-2			1/20			19/20			
NE-3			0			1			
Inertia,0.5,Rationality,0.5,AlzSame,67389.5175,AlzSame,67360.4825,Error1,59.033973464142676,Error2,59.033973464142676
Inertia,0.5,Rationality,0.5,AlzSame,14897.02,AlzDft,28701.254000000004,Error1,31.68934421999925,Error2,13.668448261955039
Inertia,0.5,Rationality,0.5,AlzDft,16870.692000000025,AlzDft,16854.308000000023,Error1,20.306426785802824,Error2,20.30642678580301
Actual Payoff Matrix
100.0,100.0  22.0,43.0  AlzSame , 122.0,
43.0,22.0  25.0,25.0  AlzDft , 68.0,

<?xml version="1.0" encoding="UTF-8"?>
<gambit:document xmlns:gambit="http://gambit.sourceforge.net/" version="0.1">
<colors>
<player id="-1" red="0" green="0" blue="0" />
<player id="0" red="154" green="205" blue="50" />
<player id="1" red="255" green="0" blue="0" />
<player id="2" red="0" green="0" blue="255" />
</colors>
<font size="10" family="74" face="Arial" style="90" weight="92" />
<numbers decimals="4"/>
<game>
<nfgfile>
NFG 1 R "Retail Strategic Game" { "Player 1" "Player 2" }

{ { "AlzSame"  "AlzDft" }
{ "AlzSame"  "AlzDft" }
}
""

{
{ "" 100.0, 100.0 }
{ "" 43.0, 22.0 }
{ "" 22.0, 43.0 }
{ "" 25.0, 25.0 }
}
1 2 3 4 </nfgfile>
</game>
</gambit:document>
Count	AlzSame			AlzDft			
NE-1			1			0			
NE-2			1/20			19/20			
NE-3			0			1			
Inertia,0.8,Rationality,0.8,AlzSame,67416.8075,AlzSame,67333.1925,Error1,88.23380919725217,Error2,88.23380919725217
Inertia,0.8,Rationality,0.8,AlzSame,9746.1125,AlzDft,30873.047,Error1,44.908206413388406,Error2,12.49053705697474
Inertia,0.8,Rationality,0.8,AlzDft,16841.973250000025,AlzDft,16883.02675000003,Error1,22.612365701236552,Error2,22.612365701236563
Actual Payoff Matrix
100.0,100.0  14.0,46.0  AlzSame , 114.0,
46.0,14.0  25.0,25.0  AlzDft , 71.0,

<?xml version="1.0" encoding="UTF-8"?>
<gambit:document xmlns:gambit="http://gambit.sourceforge.net/" version="0.1">
<colors>
<player id="-1" red="0" green="0" blue="0" />
<player id="0" red="154" green="205" blue="50" />
<player id="1" red="255" green="0" blue="0" />
<player id="2" red="0" green="0" blue="255" />
</colors>
<font size="10" family="74" face="Arial" style="90" weight="92" />
<numbers decimals="4"/>
<game>
<nfgfile>
NFG 1 R "Retail Strategic Game" { "Player 1" "Player 2" }

{ { "AlzSame"  "AlzDft" }
{ "AlzSame"  "AlzDft" }
}
""

{
{ "" 100.0, 100.0 }
{ "" 46.0, 14.0 }
{ "" 14.0, 46.0 }
{ "" 25.0, 25.0 }
}
1 2 3 4 </nfgfile>
</game>
</gambit:document>
Count	AlzSame			AlzDft			
NE-1			1			0			
NE-2			11/65			54/65			
NE-3			0			1			
Inertia,0.8,Rationality,0.8,AlzSame,67443.8375,AlzSame,67306.1625,Error1,88.72195750414608,Error2,88.72195750414608
Inertia,0.8,Rationality,0.8,AlzSame,9764.385,AlzDft,30873.717250000016,Error1,44.94606481360074,Error2,14.97598375298045
Inertia,0.8,Rationality,0.8,AlzDft,16866.70950000003,AlzDft,16858.290500000025,Error1,23.9662347202593,Error2,23.96623472025927
Actual Payoff Matrix
100.0,100.0  14.0,46.0  AlzSame , 114.0,
46.0,14.0  25.0,25.0  AlzDft , 71.0,

<?xml version="1.0" encoding="UTF-8"?>
<gambit:document xmlns:gambit="http://gambit.sourceforge.net/" version="0.1">
<colors>
<player id="-1" red="0" green="0" blue="0" />
<player id="0" red="154" green="205" blue="50" />
<player id="1" red="255" green="0" blue="0" />
<player id="2" red="0" green="0" blue="255" />
</colors>
<font size="10" family="74" face="Arial" style="90" weight="92" />
<numbers decimals="4"/>
<game>
<nfgfile>
NFG 1 R "Retail Strategic Game" { "Player 1" "Player 2" }

{ { "AlzSame"  "AlzDft" }
{ "AlzSame"  "AlzDft" }
}
""

{
{ "" 100.0, 100.0 }
{ "" 46.0, 14.0 }
{ "" 14.0, 46.0 }
{ "" 25.0, 25.0 }
}
1 2 3 4 </nfgfile>
</game>
</gambit:document>
Count	AlzSame			AlzDft			
NE-1			1			0			
NE-2			11/65			54/65			
NE-3			0			1			
Inertia,0.9,Rationality,0.9,AlzSame,67454.35,AlzSame,67295.65,Error1,120.91205507731645,Error2,120.91205507731645
Inertia,0.9,Rationality,0.9,AlzSame,9490.9425,AlzDft,31085.280750000013,Error1,54.75996566614246,Error2,15.243325406366585
Inertia,0.9,Rationality,0.9,AlzDft,16877.593000000023,AlzDft,16847.407000000025,Error1,29.146349591470536,Error2,29.146349591470898
Actual Payoff Matrix
100.0,100.0  14.0,46.0  AlzSame , 114.0,
46.0,14.0  25.0,25.0  AlzDft , 71.0,

<?xml version="1.0" encoding="UTF-8"?>
<gambit:document xmlns:gambit="http://gambit.sourceforge.net/" version="0.1">
<colors>
<player id="-1" red="0" green="0" blue="0" />
<player id="0" red="154" green="205" blue="50" />
<player id="1" red="255" green="0" blue="0" />
<player id="2" red="0" green="0" blue="255" />
</colors>
<font size="10" family="74" face="Arial" style="90" weight="92" />
<numbers decimals="4"/>
<game>
<nfgfile>
NFG 1 R "Retail Strategic Game" { "Player 1" "Player 2" }

{ { "AlzSame"  "AlzDft" }
{ "AlzSame"  "AlzDft" }
}
""

{
{ "" 100.0, 100.0 }
{ "" 46.0, 14.0 }
{ "" 14.0, 46.0 }
{ "" 25.0, 25.0 }
}
1 2 3 4 </nfgfile>
</game>
</gambit:document>
Count	AlzSame			AlzDft			
NE-1			1			0			
NE-2			11/65			54/65			
NE-3			0			1			
Inertia,0.9,Rationality,0.9,AlzSame,67396.77,AlzSame,67353.23,Error1,115.00063091432848,Error2,115.00063091432848
Inertia,0.9,Rationality,0.9,AlzSame,9455.8825,AlzDft,31077.042500000003,Error1,53.523281355398055,Error2,14.912338125099454
Inertia,0.9,Rationality,0.9,AlzDft,16843.913750000036,AlzDft,16881.086250000026,Error1,25.312836336034756,Error2,25.3128363360345
Actual Payoff Matrix
100.0,100.0  14.0,46.0  AlzSame , 114.0,
46.0,14.0  25.0,25.0  AlzDft , 71.0,

<?xml version="1.0" encoding="UTF-8"?>
<gambit:document xmlns:gambit="http://gambit.sourceforge.net/" version="0.1">
<colors>
<player id="-1" red="0" green="0" blue="0" />
<player id="0" red="154" green="205" blue="50" />
<player id="1" red="255" green="0" blue="0" />
<player id="2" red="0" green="0" blue="255" />
</colors>
<font size="10" family="74" face="Arial" style="90" weight="92" />
<numbers decimals="4"/>
<game>
<nfgfile>
NFG 1 R "Retail Strategic Game" { "Player 1" "Player 2" }

{ { "AlzSame"  "AlzDft" }
{ "AlzSame"  "AlzDft" }
}
""

{
{ "" 100.0, 100.0 }
{ "" 46.0, 14.0 }
{ "" 14.0, 46.0 }
{ "" 25.0, 25.0 }
}
1 2 3 4 </nfgfile>
</game>
</gambit:document>
Count	AlzSame			AlzDft			
NE-1			1			0			
NE-2			11/65			54/65			
NE-3			0			1			
Inertia,0.9,Rationality,0.9,AlzSame,78762.3525,AlzSame,78737.6475,Error1,142.9918579454855,Error2,142.9918579454855
Inertia,0.9,Rationality,0.9,AlzSame,10989.0725,AlzDft,33204.94950000001,Error1,61.63806440898271,Error2,15.824189380167322
Inertia,0.9,Rationality,0.9,AlzDft,18007.146500000028,AlzDft,17992.85350000003,Error1,26.05324222675223,Error2,26.053242226751948
Actual Payoff Matrix
100.0,100.0  14.0,42.0  AlzSame , 114.0,
42.0,14.0  23.0,23.0  AlzDft , 65.0,

<?xml version="1.0" encoding="UTF-8"?>
<gambit:document xmlns:gambit="http://gambit.sourceforge.net/" version="0.1">
<colors>
<player id="-1" red="0" green="0" blue="0" />
<player id="0" red="154" green="205" blue="50" />
<player id="1" red="255" green="0" blue="0" />
<player id="2" red="0" green="0" blue="255" />
</colors>
<font size="10" family="74" face="Arial" style="90" weight="92" />
<numbers decimals="4"/>
<game>
<nfgfile>
NFG 1 R "Retail Strategic Game" { "Player 1" "Player 2" }

{ { "AlzSame"  "AlzDft" }
{ "AlzSame"  "AlzDft" }
}
""

{
{ "" 100.0, 100.0 }
{ "" 42.0, 14.0 }
{ "" 14.0, 42.0 }
{ "" 23.0, 23.0 }
}
1 2 3 4 </nfgfile>
</game>
</gambit:document>
Count	AlzSame			AlzDft			
NE-1			1			0			
NE-2			9/67			58/67			
NE-3			0			1			
Inertia,0.9,Rationality,0.9,AlzSame,103135.6575,AlzSame,103114.3425,Error1,167.14888685532162,Error2,167.14888685532162
Inertia,0.9,Rationality,0.9,AlzSame,14366.845,AlzDft,37733.82499999999,Error1,74.93829887417783,Error2,17.385548382642448
Inertia,0.9,Rationality,0.9,AlzDft,20437.781500000045,AlzDft,20437.21850000004,Error1,29.03036724003933,Error2,29.03036724003953
Actual Payoff Matrix
100.0,100.0  14.0,37.0  AlzSame , 114.0,
37.0,14.0  20.0,20.0  AlzDft , 57.0,

<?xml version="1.0" encoding="UTF-8"?>
<gambit:document xmlns:gambit="http://gambit.sourceforge.net/" version="0.1">
<colors>
<player id="-1" red="0" green="0" blue="0" />
<player id="0" red="154" green="205" blue="50" />
<player id="1" red="255" green="0" blue="0" />
<player id="2" red="0" green="0" blue="255" />
</colors>
<font size="10" family="74" face="Arial" style="90" weight="92" />
<numbers decimals="4"/>
<game>
<nfgfile>
NFG 1 R "Retail Strategic Game" { "Player 1" "Player 2" }

{ { "AlzSame"  "AlzDft" }
{ "AlzSame"  "AlzDft" }
}
""

{
{ "" 100.0, 100.0 }
{ "" 37.0, 14.0 }
{ "" 14.0, 37.0 }
{ "" 20.0, 20.0 }
}
1 2 3 4 </nfgfile>
</game>
</gambit:document>
Count	AlzSame			AlzDft			
NE-1			1			0			
NE-2			2/23			21/23			
NE-3			0			1			
Inertia,0.9,Rationality,0.9,AlzSame,103274.9,AlzSame,102975.1,Error1,186.19061561877922,Error2,186.19061561877922
Inertia,0.9,Rationality,0.9,AlzSame,14340.88,AlzDft,37746.18275,Error1,70.02425486850682,Error2,16.021865717667083
Inertia,0.9,Rationality,0.9,AlzDft,20450.42700000004,AlzDft,20424.573000000037,Error1,28.75676231380604,Error2,28.756762313805975
Actual Payoff Matrix
100.0,100.0  14.0,37.0  AlzSame , 114.0,
37.0,14.0  20.0,20.0  AlzDft , 57.0,

<?xml version="1.0" encoding="UTF-8"?>
<gambit:document xmlns:gambit="http://gambit.sourceforge.net/" version="0.1">
<colors>
<player id="-1" red="0" green="0" blue="0" />
<player id="0" red="154" green="205" blue="50" />
<player id="1" red="255" green="0" blue="0" />
<player id="2" red="0" green="0" blue="255" />
</colors>
<font size="10" family="74" face="Arial" style="90" weight="92" />
<numbers decimals="4"/>
<game>
<nfgfile>
NFG 1 R "Retail Strategic Game" { "Player 1" "Player 2" }

{ { "AlzSame"  "AlzDft" }
{ "AlzSame"  "AlzDft" }
}
""

{
{ "" 100.0, 100.0 }
{ "" 37.0, 14.0 }
{ "" 14.0, 37.0 }
{ "" 20.0, 20.0 }
}
1 2 3 4 </nfgfile>
</game>
</gambit:document>
Count	AlzSame			AlzDft			
NE-1			1			0			
NE-2			2/23			21/23			
NE-3			0			1			
Inertia,0.9,Rationality,0.9,AlzSame,4443.0,AlzSame,4307.0,Error1,0.0,Error2,0.0
Inertia,0.9,Rationality,0.9,AlzSame,908.0,AlzDft,7278.459999999996,Error1,0.0,Error2,0.0
Inertia,0.9,Rationality,0.9,AlzDft,4181.030000000002,AlzDft,3943.9800000000014,Error1,0.0,Error2,0.0
Actual Payoff Matrix
60.0,60.0  12.0,100.0  AlzSame , 72.0,
100.0,12.0  56.0,56.0  AlzDft , 156.0,

<?xml version="1.0" encoding="UTF-8"?>
<gambit:document xmlns:gambit="http://gambit.sourceforge.net/" version="0.1">
<colors>
<player id="-1" red="0" green="0" blue="0" />
<player id="0" red="154" green="205" blue="50" />
<player id="1" red="255" green="0" blue="0" />
<player id="2" red="0" green="0" blue="255" />
</colors>
<font size="10" family="74" face="Arial" style="90" weight="92" />
<numbers decimals="4"/>
<game>
<nfgfile>
NFG 1 R "Retail Strategic Game" { "Player 1" "Player 2" }

{ { "AlzSame"  "AlzDft" }
{ "AlzSame"  "AlzDft" }
}
""

{
{ "" 60.0, 60.0 }
{ "" 100.0, 12.0 }
{ "" 12.0, 100.0 }
{ "" 56.0, 56.0 }
}
1 2 3 4 </nfgfile>
</game>
</gambit:document>
Count	AlzSame			AlzDft			
NE-1			0			1			
Inertia,0.9,Rationality,0.9,AlzSame,1665.75,AlzSame,1584.25,Error1,0.0,Error2,0.0
Inertia,0.9,Rationality,0.9,AlzSame,355.5,AlzDft,2716.0799999999986,Error1,0.0,Error2,0.0
Inertia,0.9,Rationality,0.9,AlzDft,1493.2000000000007,AlzDft,1556.7500000000011,Error1,0.0,Error2,0.0
Actual Payoff Matrix
60.0,60.0  13.0,100.0  AlzSame , 73.0,
100.0,13.0  56.0,56.0  AlzDft , 156.0,

<?xml version="1.0" encoding="UTF-8"?>
<gambit:document xmlns:gambit="http://gambit.sourceforge.net/" version="0.1">
<colors>
<player id="-1" red="0" green="0" blue="0" />
<player id="0" red="154" green="205" blue="50" />
<player id="1" red="255" green="0" blue="0" />
<player id="2" red="0" green="0" blue="255" />
</colors>
<font size="10" family="74" face="Arial" style="90" weight="92" />
<numbers decimals="4"/>
<game>
<nfgfile>
NFG 1 R "Retail Strategic Game" { "Player 1" "Player 2" }

{ { "AlzSame"  "AlzDft" }
{ "AlzSame"  "AlzDft" }
}
""

{
{ "" 60.0, 60.0 }
{ "" 100.0, 13.0 }
{ "" 13.0, 100.0 }
{ "" 56.0, 56.0 }
}
1 2 3 4 </nfgfile>
</game>
</gambit:document>
Count	AlzSame			AlzDft			
NE-1			0			1			
Inertia,0.9,Rationality,0.9,AlzSame,1668.0,AlzSame,1582.0,Error1,0.0,Error2,0.0
Inertia,0.9,Rationality,0.9,AlzSame,309.75,AlzDft,2758.669999999998,Error1,0.0,Error2,0.0
Inertia,0.9,Rationality,0.9,AlzDft,1515.880000000001,AlzDft,1534.0800000000008,Error1,0.0,Error2,0.0
Actual Payoff Matrix
59.0,59.0  11.0,100.0  AlzSame , 70.0,
100.0,11.0  55.0,55.0  AlzDft , 155.0,

<?xml version="1.0" encoding="UTF-8"?>
<gambit:document xmlns:gambit="http://gambit.sourceforge.net/" version="0.1">
<colors>
<player id="-1" red="0" green="0" blue="0" />
<player id="0" red="154" green="205" blue="50" />
<player id="1" red="255" green="0" blue="0" />
<player id="2" red="0" green="0" blue="255" />
</colors>
<font size="10" family="74" face="Arial" style="90" weight="92" />
<numbers decimals="4"/>
<game>
<nfgfile>
NFG 1 R "Retail Strategic Game" { "Player 1" "Player 2" }

{ { "AlzSame"  "AlzDft" }
{ "AlzSame"  "AlzDft" }
}
""

{
{ "" 59.0, 59.0 }
{ "" 100.0, 11.0 }
{ "" 11.0, 100.0 }
{ "" 55.0, 55.0 }
}
1 2 3 4 </nfgfile>
</game>
</gambit:document>
Count	AlzSame			AlzDft			
NE-1			0			1			
Inertia,0.9,Rationality,0.9,AlzSame,1630.5,AlzSame,1619.5,Error1,0.0,Error2,0.0
Inertia,0.9,Rationality,0.9,AlzSame,336.5,AlzDft,2732.224999999979,Error1,0.0,Error2,0.0
Inertia,0.9,Rationality,0.9,AlzDft,1568.8749999999945,AlzDft,1481.124999999996,Error1,0.0,Error2,0.0
Actual Payoff Matrix
59.0,59.0  12.0,100.0  AlzSame , 71.0,
100.0,12.0  56.0,56.0  AlzDft , 156.0,

<?xml version="1.0" encoding="UTF-8"?>
<gambit:document xmlns:gambit="http://gambit.sourceforge.net/" version="0.1">
<colors>
<player id="-1" red="0" green="0" blue="0" />
<player id="0" red="154" green="205" blue="50" />
<player id="1" red="255" green="0" blue="0" />
<player id="2" red="0" green="0" blue="255" />
</colors>
<font size="10" family="74" face="Arial" style="90" weight="92" />
<numbers decimals="4"/>
<game>
<nfgfile>
NFG 1 R "Retail Strategic Game" { "Player 1" "Player 2" }

{ { "AlzSame"  "AlzDft" }
{ "AlzSame"  "AlzDft" }
}
""

{
{ "" 59.0, 59.0 }
{ "" 100.0, 12.0 }
{ "" 12.0, 100.0 }
{ "" 56.0, 56.0 }
}
1 2 3 4 </nfgfile>
</game>
</gambit:document>
Count	AlzSame			AlzDft			
NE-1			0			1			
Inertia,0.9,Rationality,0.9,AlzSame,1628.5575,AlzSame,1621.4425,Error1,5.677033739295548,Error2,5.677033739295548
Inertia,0.9,Rationality,0.9,AlzSame,333.9125,AlzDft,2735.643249999978,Error1,3.483616567232967,Error2,3.2783916326105187
Inertia,0.9,Rationality,0.9,AlzDft,1526.7524999999953,AlzDft,1523.2474999999945,Error1,4.806159973107374,Error2,4.806159973107381
Actual Payoff Matrix
59.0,59.0  12.0,100.0  AlzSame , 71.0,
100.0,12.0  56.0,56.0  AlzDft , 156.0,

<?xml version="1.0" encoding="UTF-8"?>
<gambit:document xmlns:gambit="http://gambit.sourceforge.net/" version="0.1">
<colors>
<player id="-1" red="0" green="0" blue="0" />
<player id="0" red="154" green="205" blue="50" />
<player id="1" red="255" green="0" blue="0" />
<player id="2" red="0" green="0" blue="255" />
</colors>
<font size="10" family="74" face="Arial" style="90" weight="92" />
<numbers decimals="4"/>
<game>
<nfgfile>
NFG 1 R "Retail Strategic Game" { "Player 1" "Player 2" }

{ { "AlzSame"  "AlzDft" }
{ "AlzSame"  "AlzDft" }
}
""

{
{ "" 59.0, 59.0 }
{ "" 100.0, 12.0 }
{ "" 12.0, 100.0 }
{ "" 56.0, 56.0 }
}
1 2 3 4 </nfgfile>
</game>
</gambit:document>
Count	AlzSame			AlzDft			
NE-1			0			1			
Inertia,0.9,Rationality,0.9,AlzSame,21011.78,AlzSame,20988.22,Error1,39.73261273847467,Error2,39.73261273847467
Inertia,0.9,Rationality,0.9,AlzSame,2966.5225,AlzDft,10073.607499999953,Error1,18.045506019557887,Error2,4.744989250851724
Inertia,0.9,Rationality,0.9,AlzDft,5474.097750000019,AlzDft,5475.902250000019,Error1,8.46124304612623,Error2,8.46124304612625
Actual Payoff Matrix
100.0,100.0  14.0,48.0  AlzSame , 114.0,
48.0,14.0  26.0,26.0  AlzDft , 74.0,

<?xml version="1.0" encoding="UTF-8"?>
<gambit:document xmlns:gambit="http://gambit.sourceforge.net/" version="0.1">
<colors>
<player id="-1" red="0" green="0" blue="0" />
<player id="0" red="154" green="205" blue="50" />
<player id="1" red="255" green="0" blue="0" />
<player id="2" red="0" green="0" blue="255" />
</colors>
<font size="10" family="74" face="Arial" style="90" weight="92" />
<numbers decimals="4"/>
<game>
<nfgfile>
NFG 1 R "Retail Strategic Game" { "Player 1" "Player 2" }

{ { "AlzSame"  "AlzDft" }
{ "AlzSame"  "AlzDft" }
}
""

{
{ "" 100.0, 100.0 }
{ "" 48.0, 14.0 }
{ "" 14.0, 48.0 }
{ "" 26.0, 26.0 }
}
1 2 3 4 </nfgfile>
</game>
</gambit:document>
Count	AlzSame			AlzDft			
NE-1			1			0			
NE-2			3/16			13/16			
NE-3			0			1			
Inertia,0.9,Rationality,0.9,AlzSame,20987.355,AlzSame,21012.645,Error1,40.898785227969796,Error2,40.898785227969796
Inertia,0.9,Rationality,0.9,AlzSame,2985.985,AlzDft,10070.154999999955,Error1,17.90430607804726,Error2,5.199779847320478
Inertia,0.9,Rationality,0.9,AlzSame,41914.875,AlzIncz,89.36850000000003,Error1,2.367481030547024,Error2,2.6539944884501936
Inertia,0.9,Rationality,0.9,AlzDft,5465.50175000002,AlzDft,5484.498250000018,Error1,8.125844266957802,Error2,8.125844266957737
Inertia,0.9,Rationality,0.9,AlzDft,10941.601249999974,AlzIncz,9.08125,Error1,0.6294573547708637,Error2,0.733259869265324
Inertia,0.9,Rationality,0.9,AlzIncz,49304.23425,AlzIncz,49395.76575000001,Error1,48.620015496496165,Error2,48.620015496496116
Actual Payoff Matrix
43.0,43.0  6.0,20.0  85.0,0.0  AlzSame , 134.0,
20.0,6.0  11.0,11.0  22.0,0.0  AlzDft , 53.0,
0.0,85.0  0.0,22.0  100.0,100.0  AlzIncz , 100.0,

<?xml version="1.0" encoding="UTF-8"?>
<gambit:document xmlns:gambit="http://gambit.sourceforge.net/" version="0.1">
<colors>
<player id="-1" red="0" green="0" blue="0" />
<player id="0" red="154" green="205" blue="50" />
<player id="1" red="255" green="0" blue="0" />
<player id="2" red="0" green="0" blue="255" />
</colors>
<font size="10" family="74" face="Arial" style="90" weight="92" />
<numbers decimals="4"/>
<game>
<nfgfile>
NFG 1 R "Retail Strategic Game" { "Player 1" "Player 2" }

{ { "AlzSame"  "AlzDft"  "AlzIncz" }
{ "AlzSame"  "AlzDft"  "AlzIncz" }
}
""

{
{ "" 43.0, 43.0 }
{ "" 20.0, 6.0 }
{ "" 0.0, 85.0 }
{ "" 6.0, 20.0 }
{ "" 11.0, 11.0 }
{ "" 0.0, 22.0 }
{ "" 85.0, 0.0 }
{ "" 22.0, 0.0 }
{ "" 100.0, 100.0 }
}
1 2 3 4 5 6 7 8 9 </nfgfile>
</game>
</gambit:document>
Count	AlzSame			AlzDft			AlzIncz			
NE-1			1			0			0			
NE-2			5/28			23/28			0			
NE-3			0			1			0			
NE-4			0			0			1			
NE-5			15/58			0			43/58			
Inertia,0.9,Rationality,0.9,AlzDft,5472.341500000019,AlzDft,5477.6585000000205,Error1,8.484536651299496,Error2,8.484536651299548
Inertia,0.9,Rationality,0.9,AlzDft,10941.73824999998,AlzIncz,8.933250000000003,Error1,0.6119040484349753,Error2,0.7093044264707502
Inertia,0.9,Rationality,0.9,AlzIncz,49367.90350000001,AlzIncz,49332.09650000001,Error1,58.35085443027213,Error2,58.35085443027221
Actual Payoff Matrix
11.0,11.0  22.0,0.0  AlzDft , 33.0,
0.0,22.0  100.0,100.0  AlzIncz , 100.0,

<?xml version="1.0" encoding="UTF-8"?>
<gambit:document xmlns:gambit="http://gambit.sourceforge.net/" version="0.1">
<colors>
<player id="-1" red="0" green="0" blue="0" />
<player id="0" red="154" green="205" blue="50" />
<player id="1" red="255" green="0" blue="0" />
<player id="2" red="0" green="0" blue="255" />
</colors>
<font size="10" family="74" face="Arial" style="90" weight="92" />
<numbers decimals="4"/>
<game>
<nfgfile>
NFG 1 R "Retail Strategic Game" { "Player 1" "Player 2" }

{ { "AlzDft"  "AlzIncz" }
{ "AlzDft"  "AlzIncz" }
}
""

{
{ "" 11.0, 11.0 }
{ "" 0.0, 22.0 }
{ "" 22.0, 0.0 }
{ "" 100.0, 100.0 }
}
1 2 3 4 </nfgfile>
</game>
</gambit:document>
Count	AlzDft			AlzIncz			
NE-1			1			0			
NE-2			0			1			
NE-3			78/89			11/89			
Inertia,0.9,Rationality,0.9,rl1,171.85999999999999,AlzDft,10920.06,Error1,0.0,Error2,0.0
Actual Payoff Matrix
51.0,51.0  rl1 , 51.0,

<?xml version="1.0" encoding="UTF-8"?>
<gambit:document xmlns:gambit="http://gambit.sourceforge.net/" version="0.1">
<colors>
<player id="-1" red="0" green="0" blue="0" />
<player id="0" red="154" green="205" blue="50" />
<player id="1" red="255" green="0" blue="0" />
<player id="2" red="0" green="0" blue="255" />
</colors>
<font size="10" family="74" face="Arial" style="90" weight="92" />
<numbers decimals="4"/>
<game>
<nfgfile>
NFG 1 R "Retail Strategic Game" { "Player 1" "Player 2" }

{ { "rl1" }
{ "rl1" }
}
""

{
{ "" 51.0, 51.0 }
}
1 </nfgfile>
</game>
</gambit:document>
Count	rl1			
NE-1			1			
Inertia,0.9,Rationality,0.9,rl1,141.94,AlzDft,10918.859999999999,Error1,0.0,Error2,0.0
Actual Payoff Matrix
51.0,51.0  rl1 , 51.0,

<?xml version="1.0" encoding="UTF-8"?>
<gambit:document xmlns:gambit="http://gambit.sourceforge.net/" version="0.1">
<colors>
<player id="-1" red="0" green="0" blue="0" />
<player id="0" red="154" green="205" blue="50" />
<player id="1" red="255" green="0" blue="0" />
<player id="2" red="0" green="0" blue="255" />
</colors>
<font size="10" family="74" face="Arial" style="90" weight="92" />
<numbers decimals="4"/>
<game>
<nfgfile>
NFG 1 R "Retail Strategic Game" { "Player 1" "Player 2" }

{ { "rl1" }
{ "rl1" }
}
""

{
{ "" 51.0, 51.0 }
}
1 </nfgfile>
</game>
</gambit:document>
Count	rl1			
NE-1			1			
Inertia,0.9,Rationality,0.9,rl1,97.645,AlzDft,10931.835000000001,Error1,0.0,Error2,0.0
Actual Payoff Matrix
50.0,50.0  rl1 , 50.0,

<?xml version="1.0" encoding="UTF-8"?>
<gambit:document xmlns:gambit="http://gambit.sourceforge.net/" version="0.1">
<colors>
<player id="-1" red="0" green="0" blue="0" />
<player id="0" red="154" green="205" blue="50" />
<player id="1" red="255" green="0" blue="0" />
<player id="2" red="0" green="0" blue="255" />
</colors>
<font size="10" family="74" face="Arial" style="90" weight="92" />
<numbers decimals="4"/>
<game>
<nfgfile>
NFG 1 R "Retail Strategic Game" { "Player 1" "Player 2" }

{ { "rl1" }
{ "rl1" }
}
""

{
{ "" 50.0, 50.0 }
}
1 </nfgfile>
</game>
</gambit:document>
Count	rl1			
NE-1			1			
Inertia,0.9,Rationality,0.9,rl1,98.765,AlzDft,10931.355,Error1,0.0,Error2,0.0
Actual Payoff Matrix
50.0,50.0  rl1 , 50.0,

<?xml version="1.0" encoding="UTF-8"?>
<gambit:document xmlns:gambit="http://gambit.sourceforge.net/" version="0.1">
<colors>
<player id="-1" red="0" green="0" blue="0" />
<player id="0" red="154" green="205" blue="50" />
<player id="1" red="255" green="0" blue="0" />
<player id="2" red="0" green="0" blue="255" />
</colors>
<font size="10" family="74" face="Arial" style="90" weight="92" />
<numbers decimals="4"/>
<game>
<nfgfile>
NFG 1 R "Retail Strategic Game" { "Player 1" "Player 2" }

{ { "rl1" }
{ "rl1" }
}
""

{
{ "" 50.0, 50.0 }
}
1 </nfgfile>
</game>
</gambit:document>
Count	rl1			
NE-1			1			
Inertia,0.9,Rationality,0.9,rl1,188.205,AlzDft,10928.515000000001,Error1,0.0,Error2,0.0
Actual Payoff Matrix
51.0,51.0  rl1 , 51.0,

<?xml version="1.0" encoding="UTF-8"?>
<gambit:document xmlns:gambit="http://gambit.sourceforge.net/" version="0.1">
<colors>
<player id="-1" red="0" green="0" blue="0" />
<player id="0" red="154" green="205" blue="50" />
<player id="1" red="255" green="0" blue="0" />
<player id="2" red="0" green="0" blue="255" />
</colors>
<font size="10" family="74" face="Arial" style="90" weight="92" />
<numbers decimals="4"/>
<game>
<nfgfile>
NFG 1 R "Retail Strategic Game" { "Player 1" "Player 2" }

{ { "rl1" }
{ "rl1" }
}
""

{
{ "" 51.0, 51.0 }
}
1 </nfgfile>
</game>
</gambit:document>
Count	rl1			
NE-1			1			
Inertia,0.9,Rationality,0.9,rl1,61.474999999999994,AlzDft,10935.405,Error1,0.0,Error2,0.0
Actual Payoff Matrix
50.0,50.0  rl1 , 50.0,

<?xml version="1.0" encoding="UTF-8"?>
<gambit:document xmlns:gambit="http://gambit.sourceforge.net/" version="0.1">
<colors>
<player id="-1" red="0" green="0" blue="0" />
<player id="0" red="154" green="205" blue="50" />
<player id="1" red="255" green="0" blue="0" />
<player id="2" red="0" green="0" blue="255" />
</colors>
<font size="10" family="74" face="Arial" style="90" weight="92" />
<numbers decimals="4"/>
<game>
<nfgfile>
NFG 1 R "Retail Strategic Game" { "Player 1" "Player 2" }

{ { "rl1" }
{ "rl1" }
}
""

{
{ "" 50.0, 50.0 }
}
1 </nfgfile>
</game>
</gambit:document>
Count	rl1			
NE-1			1			
Inertia,0.9,Rationality,0.9,rl1,109.47,AlzDft,10929.01,Error1,0.0,Error2,0.0
Actual Payoff Matrix
51.0,51.0  rl1 , 51.0,

<?xml version="1.0" encoding="UTF-8"?>
<gambit:document xmlns:gambit="http://gambit.sourceforge.net/" version="0.1">
<colors>
<player id="-1" red="0" green="0" blue="0" />
<player id="0" red="154" green="205" blue="50" />
<player id="1" red="255" green="0" blue="0" />
<player id="2" red="0" green="0" blue="255" />
</colors>
<font size="10" family="74" face="Arial" style="90" weight="92" />
<numbers decimals="4"/>
<game>
<nfgfile>
NFG 1 R "Retail Strategic Game" { "Player 1" "Player 2" }

{ { "rl1" }
{ "rl1" }
}
""

{
{ "" 51.0, 51.0 }
}
1 </nfgfile>
</game>
</gambit:document>
Count	rl1			
NE-1			1			
Inertia,0.9,Rationality,0.9,rl1,134.37,AlzDft,10931.13,Error1,0.0,Error2,0.0
Actual Payoff Matrix
51.0,51.0  rl1 , 51.0,

<?xml version="1.0" encoding="UTF-8"?>
<gambit:document xmlns:gambit="http://gambit.sourceforge.net/" version="0.1">
<colors>
<player id="-1" red="0" green="0" blue="0" />
<player id="0" red="154" green="205" blue="50" />
<player id="1" red="255" green="0" blue="0" />
<player id="2" red="0" green="0" blue="255" />
</colors>
<font size="10" family="74" face="Arial" style="90" weight="92" />
<numbers decimals="4"/>
<game>
<nfgfile>
NFG 1 R "Retail Strategic Game" { "Player 1" "Player 2" }

{ { "rl1" }
{ "rl1" }
}
""

{
{ "" 51.0, 51.0 }
}
1 </nfgfile>
</game>
</gambit:document>
Count	rl1			
NE-1			1			
Inertia,0.9,Rationality,0.9,rl1,102.39,AlzDft,10930.05,Error1,0.0,Error2,0.0
Actual Payoff Matrix
50.0,50.0  rl1 , 50.0,

<?xml version="1.0" encoding="UTF-8"?>
<gambit:document xmlns:gambit="http://gambit.sourceforge.net/" version="0.1">
<colors>
<player id="-1" red="0" green="0" blue="0" />
<player id="0" red="154" green="205" blue="50" />
<player id="1" red="255" green="0" blue="0" />
<player id="2" red="0" green="0" blue="255" />
</colors>
<font size="10" family="74" face="Arial" style="90" weight="92" />
<numbers decimals="4"/>
<game>
<nfgfile>
NFG 1 R "Retail Strategic Game" { "Player 1" "Player 2" }

{ { "rl1" }
{ "rl1" }
}
""

{
{ "" 50.0, 50.0 }
}
1 </nfgfile>
</game>
</gambit:document>
Count	rl1			
NE-1			1			
Inertia,0.9,Rationality,0.9,rl1,128.375,AlzDft,10933.395,Error1,0.0,Error2,0.0
Actual Payoff Matrix
51.0,51.0  rl1 , 51.0,

<?xml version="1.0" encoding="UTF-8"?>
<gambit:document xmlns:gambit="http://gambit.sourceforge.net/" version="0.1">
<colors>
<player id="-1" red="0" green="0" blue="0" />
<player id="0" red="154" green="205" blue="50" />
<player id="1" red="255" green="0" blue="0" />
<player id="2" red="0" green="0" blue="255" />
</colors>
<font size="10" family="74" face="Arial" style="90" weight="92" />
<numbers decimals="4"/>
<game>
<nfgfile>
NFG 1 R "Retail Strategic Game" { "Player 1" "Player 2" }

{ { "rl1" }
{ "rl1" }
}
""

{
{ "" 51.0, 51.0 }
}
1 </nfgfile>
</game>
</gambit:document>
Count	rl1			
NE-1			1			
Inertia,0.9,Rationality,0.9,rl1,83.18,AlzDft,10930.36,Error1,0.0,Error2,0.0
Actual Payoff Matrix
50.0,50.0  rl1 , 50.0,

<?xml version="1.0" encoding="UTF-8"?>
<gambit:document xmlns:gambit="http://gambit.sourceforge.net/" version="0.1">
<colors>
<player id="-1" red="0" green="0" blue="0" />
<player id="0" red="154" green="205" blue="50" />
<player id="1" red="255" green="0" blue="0" />
<player id="2" red="0" green="0" blue="255" />
</colors>
<font size="10" family="74" face="Arial" style="90" weight="92" />
<numbers decimals="4"/>
<game>
<nfgfile>
NFG 1 R "Retail Strategic Game" { "Player 1" "Player 2" }

{ { "rl1" }
{ "rl1" }
}
""

{
{ "" 50.0, 50.0 }
}
1 </nfgfile>
</game>
</gambit:document>
Count	rl1			
NE-1			1			
Inertia,0.9,Rationality,0.9,rl1,120.24,AlzDft,10929.05,Error1,0.0,Error2,0.0
Actual Payoff Matrix
51.0,51.0  rl1 , 51.0,

<?xml version="1.0" encoding="UTF-8"?>
<gambit:document xmlns:gambit="http://gambit.sourceforge.net/" version="0.1">
<colors>
<player id="-1" red="0" green="0" blue="0" />
<player id="0" red="154" green="205" blue="50" />
<player id="1" red="255" green="0" blue="0" />
<player id="2" red="0" green="0" blue="255" />
</colors>
<font size="10" family="74" face="Arial" style="90" weight="92" />
<numbers decimals="4"/>
<game>
<nfgfile>
NFG 1 R "Retail Strategic Game" { "Player 1" "Player 2" }

{ { "rl1" }
{ "rl1" }
}
""

{
{ "" 51.0, 51.0 }
}
1 </nfgfile>
</game>
</gambit:document>
Count	rl1			
NE-1			1			
Inertia,0.9,Rationality,0.9,rl1,125.585,AlzDft,10926.875,Error1,0.0,Error2,0.0
Actual Payoff Matrix
51.0,51.0  rl1 , 51.0,

<?xml version="1.0" encoding="UTF-8"?>
<gambit:document xmlns:gambit="http://gambit.sourceforge.net/" version="0.1">
<colors>
<player id="-1" red="0" green="0" blue="0" />
<player id="0" red="154" green="205" blue="50" />
<player id="1" red="255" green="0" blue="0" />
<player id="2" red="0" green="0" blue="255" />
</colors>
<font size="10" family="74" face="Arial" style="90" weight="92" />
<numbers decimals="4"/>
<game>
<nfgfile>
NFG 1 R "Retail Strategic Game" { "Player 1" "Player 2" }

{ { "rl1" }
{ "rl1" }
}
""

{
{ "" 51.0, 51.0 }
}
1 </nfgfile>
</game>
</gambit:document>
Count	rl1			
NE-1			1			
Inertia,0.9,Rationality,0.9,rl1,0.77165,AlzDft,109.32865,Error1,1.504852829452914,Error2,213.21004120102018
Actual Payoff Matrix
50.0,50.0  rl1 , 50.0,

<?xml version="1.0" encoding="UTF-8"?>
<gambit:document xmlns:gambit="http://gambit.sourceforge.net/" version="0.1">
<colors>
<player id="-1" red="0" green="0" blue="0" />
<player id="0" red="154" green="205" blue="50" />
<player id="1" red="255" green="0" blue="0" />
<player id="2" red="0" green="0" blue="255" />
</colors>
<font size="10" family="74" face="Arial" style="90" weight="92" />
<numbers decimals="4"/>
<game>
<nfgfile>
NFG 1 R "Retail Strategic Game" { "Player 1" "Player 2" }

{ { "rl1" }
{ "rl1" }
}
""

{
{ "" 50.0, 50.0 }
}
1 </nfgfile>
</game>
</gambit:document>
Count	rl1			
NE-1			1			
Inertia,0.9,Rationality,0.9,rl1,32.26425,AlzDft,8257.891749999979,Error1,1.1894742188256966,Error2,0.7131599635502316
Actual Payoff Matrix
50.0,50.0  rl1 , 50.0,

<?xml version="1.0" encoding="UTF-8"?>
<gambit:document xmlns:gambit="http://gambit.sourceforge.net/" version="0.1">
<colors>
<player id="-1" red="0" green="0" blue="0" />
<player id="0" red="154" green="205" blue="50" />
<player id="1" red="255" green="0" blue="0" />
<player id="2" red="0" green="0" blue="255" />
</colors>
<font size="10" family="74" face="Arial" style="90" weight="92" />
<numbers decimals="4"/>
<game>
<nfgfile>
NFG 1 R "Retail Strategic Game" { "Player 1" "Player 2" }

{ { "rl1" }
{ "rl1" }
}
""

{
{ "" 50.0, 50.0 }
}
1 </nfgfile>
</game>
</gambit:document>
Count	rl1			
NE-1			1			
Inertia,0.9,Rationality,0.9,rl1,26.59,AlzDft,8259.07,Error1,0.0,Error2,0.0
Actual Payoff Matrix
50.0,50.0  rl1 , 50.0,

<?xml version="1.0" encoding="UTF-8"?>
<gambit:document xmlns:gambit="http://gambit.sourceforge.net/" version="0.1">
<colors>
<player id="-1" red="0" green="0" blue="0" />
<player id="0" red="154" green="205" blue="50" />
<player id="1" red="255" green="0" blue="0" />
<player id="2" red="0" green="0" blue="255" />
</colors>
<font size="10" family="74" face="Arial" style="90" weight="92" />
<numbers decimals="4"/>
<game>
<nfgfile>
NFG 1 R "Retail Strategic Game" { "Player 1" "Player 2" }

{ { "rl1" }
{ "rl1" }
}
""

{
{ "" 50.0, 50.0 }
}
1 </nfgfile>
</game>
</gambit:document>
Count	rl1			
NE-1			1			
Inertia,0.9,Rationality,0.9,rl1,31.337500000000006,AlzDft,8258.153999999979,Error1,1.2907077155188937,Error2,0.797897475835083
Actual Payoff Matrix
50.0,50.0  rl1 , 50.0,

<?xml version="1.0" encoding="UTF-8"?>
<gambit:document xmlns:gambit="http://gambit.sourceforge.net/" version="0.1">
<colors>
<player id="-1" red="0" green="0" blue="0" />
<player id="0" red="154" green="205" blue="50" />
<player id="1" red="255" green="0" blue="0" />
<player id="2" red="0" green="0" blue="255" />
</colors>
<font size="10" family="74" face="Arial" style="90" weight="92" />
<numbers decimals="4"/>
<game>
<nfgfile>
NFG 1 R "Retail Strategic Game" { "Player 1" "Player 2" }

{ { "rl1" }
{ "rl1" }
}
""

{
{ "" 50.0, 50.0 }
}
1 </nfgfile>
</game>
</gambit:document>
Count	rl1			
NE-1			1			
Inertia,0.9,Rationality,0.9,rl1,33.57175,AlzDft,8257.028249999978,Error1,1.4409572315412418,Error2,0.8008257117069941
Actual Payoff Matrix
50.0,50.0  rl1 , 50.0,

<?xml version="1.0" encoding="UTF-8"?>
<gambit:document xmlns:gambit="http://gambit.sourceforge.net/" version="0.1">
<colors>
<player id="-1" red="0" green="0" blue="0" />
<player id="0" red="154" green="205" blue="50" />
<player id="1" red="255" green="0" blue="0" />
<player id="2" red="0" green="0" blue="255" />
</colors>
<font size="10" family="74" face="Arial" style="90" weight="92" />
<numbers decimals="4"/>
<game>
<nfgfile>
NFG 1 R "Retail Strategic Game" { "Player 1" "Player 2" }

{ { "rl1" }
{ "rl1" }
}
""

{
{ "" 50.0, 50.0 }
}
1 </nfgfile>
</game>
</gambit:document>
Count	rl1			
NE-1			1			
Inertia,0.9,Rationality,0.9,rl1,31.461249999999996,AlzDft,8257.963249999975,Error1,1.3635456676162339,Error2,0.7451727113166186
Actual Payoff Matrix
50.0,50.0  rl1 , 50.0,

<?xml version="1.0" encoding="UTF-8"?>
<gambit:document xmlns:gambit="http://gambit.sourceforge.net/" version="0.1">
<colors>
<player id="-1" red="0" green="0" blue="0" />
<player id="0" red="154" green="205" blue="50" />
<player id="1" red="255" green="0" blue="0" />
<player id="2" red="0" green="0" blue="255" />
</colors>
<font size="10" family="74" face="Arial" style="90" weight="92" />
<numbers decimals="4"/>
<game>
<nfgfile>
NFG 1 R "Retail Strategic Game" { "Player 1" "Player 2" }

{ { "rl1" }
{ "rl1" }
}
""

{
{ "" 50.0, 50.0 }
}
1 </nfgfile>
</game>
</gambit:document>
Count	rl1			
NE-1			1			
Inertia,0.9,Rationality,0.9,rl1,12.003249999999998,AlzDft,3038.868249999977,Error1,0.7292483025218501,Error2,0.6501743713581687
Actual Payoff Matrix
50.0,50.0  rl1 , 50.0,

<?xml version="1.0" encoding="UTF-8"?>
<gambit:document xmlns:gambit="http://gambit.sourceforge.net/" version="0.1">
<colors>
<player id="-1" red="0" green="0" blue="0" />
<player id="0" red="154" green="205" blue="50" />
<player id="1" red="255" green="0" blue="0" />
<player id="2" red="0" green="0" blue="255" />
</colors>
<font size="10" family="74" face="Arial" style="90" weight="92" />
<numbers decimals="4"/>
<game>
<nfgfile>
NFG 1 R "Retail Strategic Game" { "Player 1" "Player 2" }

{ { "rl1" }
{ "rl1" }
}
""

{
{ "" 50.0, 50.0 }
}
1 </nfgfile>
</game>
</gambit:document>
Count	rl1			
NE-1			1			
Inertia,0.9,Rationality,0.9,rl1,7.135,AlzDft,1492.865,Error1,0.4000285094840117,Error2,0.40002850948401125
Actual Payoff Matrix
50.0,50.0  rl1 , 50.0,

<?xml version="1.0" encoding="UTF-8"?>
<gambit:document xmlns:gambit="http://gambit.sourceforge.net/" version="0.1">
<colors>
<player id="-1" red="0" green="0" blue="0" />
<player id="0" red="154" green="205" blue="50" />
<player id="1" red="255" green="0" blue="0" />
<player id="2" red="0" green="0" blue="255" />
</colors>
<font size="10" family="74" face="Arial" style="90" weight="92" />
<numbers decimals="4"/>
<game>
<nfgfile>
NFG 1 R "Retail Strategic Game" { "Player 1" "Player 2" }

{ { "rl1" }
{ "rl1" }
}
""

{
{ "" 50.0, 50.0 }
}
1 </nfgfile>
</game>
</gambit:document>
Count	rl1			
NE-1			1			
Inertia,0.9,Rationality,0.9,rl1,0.0875,AlzDft,14.9125,Error1,0.17064034546378495,Error2,29.081990305470942
Actual Payoff Matrix
50.0,50.0  rl1 , 50.0,

<?xml version="1.0" encoding="UTF-8"?>
<gambit:document xmlns:gambit="http://gambit.sourceforge.net/" version="0.1">
<colors>
<player id="-1" red="0" green="0" blue="0" />
<player id="0" red="154" green="205" blue="50" />
<player id="1" red="255" green="0" blue="0" />
<player id="2" red="0" green="0" blue="255" />
</colors>
<font size="10" family="74" face="Arial" style="90" weight="92" />
<numbers decimals="4"/>
<game>
<nfgfile>
NFG 1 R "Retail Strategic Game" { "Player 1" "Player 2" }

{ { "rl1" }
{ "rl1" }
}
""

{
{ "" 50.0, 50.0 }
}
1 </nfgfile>
</game>
</gambit:document>
Count	rl1			
NE-1			1			
Inertia,0.9,Rationality,0.9,rl1,0.06905,AlzDft,28.43394999999996,Error1,0.13465960976313565,Error2,55.45118915314286
Actual Payoff Matrix
50.0,50.0  rl1 , 50.0,

<?xml version="1.0" encoding="UTF-8"?>
<gambit:document xmlns:gambit="http://gambit.sourceforge.net/" version="0.1">
<colors>
<player id="-1" red="0" green="0" blue="0" />
<player id="0" red="154" green="205" blue="50" />
<player id="1" red="255" green="0" blue="0" />
<player id="2" red="0" green="0" blue="255" />
</colors>
<font size="10" family="74" face="Arial" style="90" weight="92" />
<numbers decimals="4"/>
<game>
<nfgfile>
NFG 1 R "Retail Strategic Game" { "Player 1" "Player 2" }

{ { "rl1" }
{ "rl1" }
}
""

{
{ "" 50.0, 50.0 }
}
1 </nfgfile>
</game>
</gambit:document>
Count	rl1			
NE-1			1			
Inertia,0.9,Rationality,0.9,rl1,0.0661,AlzDft,28.435899999999965,Error1,0.12890659240178529,Error2,55.45499199512746
Actual Payoff Matrix
50.0,50.0  rl1 , 50.0,

<?xml version="1.0" encoding="UTF-8"?>
<gambit:document xmlns:gambit="http://gambit.sourceforge.net/" version="0.1">
<colors>
<player id="-1" red="0" green="0" blue="0" />
<player id="0" red="154" green="205" blue="50" />
<player id="1" red="255" green="0" blue="0" />
<player id="2" red="0" green="0" blue="255" />
</colors>
<font size="10" family="74" face="Arial" style="90" weight="92" />
<numbers decimals="4"/>
<game>
<nfgfile>
NFG 1 R "Retail Strategic Game" { "Player 1" "Player 2" }

{ { "rl1" }
{ "rl1" }
}
""

{
{ "" 50.0, 50.0 }
}
1 </nfgfile>
</game>
</gambit:document>
Count	rl1			
NE-1			1			
Inertia,0.9,Rationality,0.9,rl1,12.120000000000005,AlzDft,2838.689999999977,Error1,0.7541305357827649,Error2,0.6894594272326664
Actual Payoff Matrix
50.0,50.0  rl1 , 50.0,

<?xml version="1.0" encoding="UTF-8"?>
<gambit:document xmlns:gambit="http://gambit.sourceforge.net/" version="0.1">
<colors>
<player id="-1" red="0" green="0" blue="0" />
<player id="0" red="154" green="205" blue="50" />
<player id="1" red="255" green="0" blue="0" />
<player id="2" red="0" green="0" blue="255" />
</colors>
<font size="10" family="74" face="Arial" style="90" weight="92" />
<numbers decimals="4"/>
<game>
<nfgfile>
NFG 1 R "Retail Strategic Game" { "Player 1" "Player 2" }

{ { "rl1" }
{ "rl1" }
}
""

{
{ "" 50.0, 50.0 }
}
1 </nfgfile>
</game>
</gambit:document>
Count	rl1			
NE-1			1			
Inertia,0.9,Rationality,0.9,rl1,11.753999999999994,AlzDft,2839.028999999977,Error1,0.6425066849021882,Error2,0.5917393538915505
Actual Payoff Matrix
50.0,50.0  rl1 , 50.0,

<?xml version="1.0" encoding="UTF-8"?>
<gambit:document xmlns:gambit="http://gambit.sourceforge.net/" version="0.1">
<colors>
<player id="-1" red="0" green="0" blue="0" />
<player id="0" red="154" green="205" blue="50" />
<player id="1" red="255" green="0" blue="0" />
<player id="2" red="0" green="0" blue="255" />
</colors>
<font size="10" family="74" face="Arial" style="90" weight="92" />
<numbers decimals="4"/>
<game>
<nfgfile>
NFG 1 R "Retail Strategic Game" { "Player 1" "Player 2" }

{ { "rl1" }
{ "rl1" }
}
""

{
{ "" 50.0, 50.0 }
}
1 </nfgfile>
</game>
</gambit:document>
Count	rl1			
NE-1			1			
Inertia,0.9,Rationality,0.9,rl1,11.136000000000006,AlzDft,2839.5659999999775,Error1,0.643938425056309,Error2,0.5906642680101771
Actual Payoff Matrix
50.0,50.0  rl1 , 50.0,

<?xml version="1.0" encoding="UTF-8"?>
<gambit:document xmlns:gambit="http://gambit.sourceforge.net/" version="0.1">
<colors>
<player id="-1" red="0" green="0" blue="0" />
<player id="0" red="154" green="205" blue="50" />
<player id="1" red="255" green="0" blue="0" />
<player id="2" red="0" green="0" blue="255" />
</colors>
<font size="10" family="74" face="Arial" style="90" weight="92" />
<numbers decimals="4"/>
<game>
<nfgfile>
NFG 1 R "Retail Strategic Game" { "Player 1" "Player 2" }

{ { "rl1" }
{ "rl1" }
}
""

{
{ "" 50.0, 50.0 }
}
1 </nfgfile>
</game>
</gambit:document>
Count	rl1			
NE-1			1			
Inertia,0.9,Rationality,0.9,rl1,12.011,AlzDft,2838.790999999977,Error1,0.7122194482489227,Error2,0.6484681252798671
Actual Payoff Matrix
50.0,50.0  rl1 , 50.0,

<?xml version="1.0" encoding="UTF-8"?>
<gambit:document xmlns:gambit="http://gambit.sourceforge.net/" version="0.1">
<colors>
<player id="-1" red="0" green="0" blue="0" />
<player id="0" red="154" green="205" blue="50" />
<player id="1" red="255" green="0" blue="0" />
<player id="2" red="0" green="0" blue="255" />
</colors>
<font size="10" family="74" face="Arial" style="90" weight="92" />
<numbers decimals="4"/>
<game>
<nfgfile>
NFG 1 R "Retail Strategic Game" { "Player 1" "Player 2" }

{ { "rl1" }
{ "rl1" }
}
""

{
{ "" 50.0, 50.0 }
}
1 </nfgfile>
</game>
</gambit:document>
Count	rl1			
NE-1			1			
Inertia,0.9,Rationality,0.9,rl1,11.8815,AlzDft,2838.8714999999765,Error1,0.6697207071040884,Error2,0.6123400509553455
Actual Payoff Matrix
50.0,50.0  rl1 , 50.0,

<?xml version="1.0" encoding="UTF-8"?>
<gambit:document xmlns:gambit="http://gambit.sourceforge.net/" version="0.1">
<colors>
<player id="-1" red="0" green="0" blue="0" />
<player id="0" red="154" green="205" blue="50" />
<player id="1" red="255" green="0" blue="0" />
<player id="2" red="0" green="0" blue="255" />
</colors>
<font size="10" family="74" face="Arial" style="90" weight="92" />
<numbers decimals="4"/>
<game>
<nfgfile>
NFG 1 R "Retail Strategic Game" { "Player 1" "Player 2" }

{ { "rl1" }
{ "rl1" }
}
""

{
{ "" 50.0, 50.0 }
}
1 </nfgfile>
</game>
</gambit:document>
Count	rl1			
NE-1			1			
Inertia,0.9,Rationality,0.9,rl1,12.3205,AlzDft,2838.480499999976,Error1,0.6344273481463422,Error2,0.5767928930872779
Actual Payoff Matrix
50.0,50.0  rl1 , 50.0,

<?xml version="1.0" encoding="UTF-8"?>
<gambit:document xmlns:gambit="http://gambit.sourceforge.net/" version="0.1">
<colors>
<player id="-1" red="0" green="0" blue="0" />
<player id="0" red="154" green="205" blue="50" />
<player id="1" red="255" green="0" blue="0" />
<player id="2" red="0" green="0" blue="255" />
</colors>
<font size="10" family="74" face="Arial" style="90" weight="92" />
<numbers decimals="4"/>
<game>
<nfgfile>
NFG 1 R "Retail Strategic Game" { "Player 1" "Player 2" }

{ { "rl1" }
{ "rl1" }
}
""

{
{ "" 50.0, 50.0 }
}
1 </nfgfile>
</game>
</gambit:document>
Count	rl1			
NE-1			1			
Inertia,0.9,Rationality,0.9,rl1,14.4,AlzDft,2836.399999999996,Error1,0.0,Error2,0.0
Actual Payoff Matrix
50.0,50.0  rl1 , 50.0,

<?xml version="1.0" encoding="UTF-8"?>
<gambit:document xmlns:gambit="http://gambit.sourceforge.net/" version="0.1">
<colors>
<player id="-1" red="0" green="0" blue="0" />
<player id="0" red="154" green="205" blue="50" />
<player id="1" red="255" green="0" blue="0" />
<player id="2" red="0" green="0" blue="255" />
</colors>
<font size="10" family="74" face="Arial" style="90" weight="92" />
<numbers decimals="4"/>
<game>
<nfgfile>
NFG 1 R "Retail Strategic Game" { "Player 1" "Player 2" }

{ { "rl1" }
{ "rl1" }
}
""

{
{ "" 50.0, 50.0 }
}
1 </nfgfile>
</game>
</gambit:document>
Count	rl1			
NE-1			1			
Inertia,0.9,Rationality,0.9,rl1,11.71,AlD,2838.6899999999964,Error1,0.0,Error2,0.0
Actual Payoff Matrix
50.0,50.0  rl1 , 50.0,

<?xml version="1.0" encoding="UTF-8"?>
<gambit:document xmlns:gambit="http://gambit.sourceforge.net/" version="0.1">
<colors>
<player id="-1" red="0" green="0" blue="0" />
<player id="0" red="154" green="205" blue="50" />
<player id="1" red="255" green="0" blue="0" />
<player id="2" red="0" green="0" blue="255" />
</colors>
<font size="10" family="74" face="Arial" style="90" weight="92" />
<numbers decimals="4"/>
<game>
<nfgfile>
NFG 1 R "Retail Strategic Game" { "Player 1" "Player 2" }

{ { "rl1" }
{ "rl1" }
}
""

{
{ "" 50.0, 50.0 }
}
1 </nfgfile>
</game>
</gambit:document>
Count	rl1			
NE-1			1			
Inertia,0.9,Rationality,0.9,rl1,13.955,AlD,2837.4449999999965,Error1,0.0,Error2,0.0
Actual Payoff Matrix
50.0,50.0  rl1 , 50.0,

<?xml version="1.0" encoding="UTF-8"?>
<gambit:document xmlns:gambit="http://gambit.sourceforge.net/" version="0.1">
<colors>
<player id="-1" red="0" green="0" blue="0" />
<player id="0" red="154" green="205" blue="50" />
<player id="1" red="255" green="0" blue="0" />
<player id="2" red="0" green="0" blue="255" />
</colors>
<font size="10" family="74" face="Arial" style="90" weight="92" />
<numbers decimals="4"/>
<game>
<nfgfile>
NFG 1 R "Retail Strategic Game" { "Player 1" "Player 2" }

{ { "rl1" }
{ "rl1" }
}
""

{
{ "" 50.0, 50.0 }
}
1 </nfgfile>
</game>
</gambit:document>
Count	rl1			
NE-1			1			
Inertia,0.9,Rationality,0.9,rl1,7.06,AlD,278.56,Error1,0.0,Error2,0.0
Actual Payoff Matrix
51.0,51.0  rl1 , 51.0,

<?xml version="1.0" encoding="UTF-8"?>
<gambit:document xmlns:gambit="http://gambit.sourceforge.net/" version="0.1">
<colors>
<player id="-1" red="0" green="0" blue="0" />
<player id="0" red="154" green="205" blue="50" />
<player id="1" red="255" green="0" blue="0" />
<player id="2" red="0" green="0" blue="255" />
</colors>
<font size="10" family="74" face="Arial" style="90" weight="92" />
<numbers decimals="4"/>
<game>
<nfgfile>
NFG 1 R "Retail Strategic Game" { "Player 1" "Player 2" }

{ { "rl1" }
{ "rl1" }
}
""

{
{ "" 51.0, 51.0 }
}
1 </nfgfile>
</game>
</gambit:document>
Count	rl1			
NE-1			1			
Inertia,0.9,Rationality,0.9,rl1,1.855,AlD,283.365,Error1,0.0,Error2,0.0
Actual Payoff Matrix
50.0,50.0  rl1 , 50.0,

<?xml version="1.0" encoding="UTF-8"?>
<gambit:document xmlns:gambit="http://gambit.sourceforge.net/" version="0.1">
<colors>
<player id="-1" red="0" green="0" blue="0" />
<player id="0" red="154" green="205" blue="50" />
<player id="1" red="255" green="0" blue="0" />
<player id="2" red="0" green="0" blue="255" />
</colors>
<font size="10" family="74" face="Arial" style="90" weight="92" />
<numbers decimals="4"/>
<game>
<nfgfile>
NFG 1 R "Retail Strategic Game" { "Player 1" "Player 2" }

{ { "rl1" }
{ "rl1" }
}
""

{
{ "" 50.0, 50.0 }
}
1 </nfgfile>
</game>
</gambit:document>
Count	rl1			
NE-1			1			
Inertia,0.9,Rationality,0.9,rl1,2.8,AlD,282.3,Error1,0.0,Error2,0.0
Actual Payoff Matrix
50.0,50.0  rl1 , 50.0,

<?xml version="1.0" encoding="UTF-8"?>
<gambit:document xmlns:gambit="http://gambit.sourceforge.net/" version="0.1">
<colors>
<player id="-1" red="0" green="0" blue="0" />
<player id="0" red="154" green="205" blue="50" />
<player id="1" red="255" green="0" blue="0" />
<player id="2" red="0" green="0" blue="255" />
</colors>
<font size="10" family="74" face="Arial" style="90" weight="92" />
<numbers decimals="4"/>
<game>
<nfgfile>
NFG 1 R "Retail Strategic Game" { "Player 1" "Player 2" }

{ { "rl1" }
{ "rl1" }
}
""

{
{ "" 50.0, 50.0 }
}
1 </nfgfile>
</game>
</gambit:document>
Count	rl1			
NE-1			1			
Inertia,0.9,Rationality,0.9,rl1,37.199999999999996,AlD,197.64,Error1,0.0,Error2,0.0
Actual Payoff Matrix
59.0,59.0  rl1 , 59.0,

<?xml version="1.0" encoding="UTF-8"?>
<gambit:document xmlns:gambit="http://gambit.sourceforge.net/" version="0.1">
<colors>
<player id="-1" red="0" green="0" blue="0" />
<player id="0" red="154" green="205" blue="50" />
<player id="1" red="255" green="0" blue="0" />
<player id="2" red="0" green="0" blue="255" />
</colors>
<font size="10" family="74" face="Arial" style="90" weight="92" />
<numbers decimals="4"/>
<game>
<nfgfile>
NFG 1 R "Retail Strategic Game" { "Player 1" "Player 2" }

{ { "rl1" }
{ "rl1" }
}
""

{
{ "" 59.0, 59.0 }
}
1 </nfgfile>
</game>
</gambit:document>
Count	rl1			
NE-1			1			
Inertia,0.9,Rationality,0.9,rl1,37.6,AlD,197.18,Error1,0.0,Error2,0.0
Actual Payoff Matrix
60.0,60.0  rl1 , 60.0,

<?xml version="1.0" encoding="UTF-8"?>
<gambit:document xmlns:gambit="http://gambit.sourceforge.net/" version="0.1">
<colors>
<player id="-1" red="0" green="0" blue="0" />
<player id="0" red="154" green="205" blue="50" />
<player id="1" red="255" green="0" blue="0" />
<player id="2" red="0" green="0" blue="255" />
</colors>
<font size="10" family="74" face="Arial" style="90" weight="92" />
<numbers decimals="4"/>
<game>
<nfgfile>
NFG 1 R "Retail Strategic Game" { "Player 1" "Player 2" }

{ { "rl1" }
{ "rl1" }
}
""

{
{ "" 60.0, 60.0 }
}
1 </nfgfile>
</game>
</gambit:document>
Count	rl1			
NE-1			1			
Inertia,0.9,Rationality,0.9,rl1,31.000000000000007,AlD,203.63999999999982,Error1,0.0,Error2,0.0
Actual Payoff Matrix
58.0,58.0  rl1 , 58.0,

<?xml version="1.0" encoding="UTF-8"?>
<gambit:document xmlns:gambit="http://gambit.sourceforge.net/" version="0.1">
<colors>
<player id="-1" red="0" green="0" blue="0" />
<player id="0" red="154" green="205" blue="50" />
<player id="1" red="255" green="0" blue="0" />
<player id="2" red="0" green="0" blue="255" />
</colors>
<font size="10" family="74" face="Arial" style="90" weight="92" />
<numbers decimals="4"/>
<game>
<nfgfile>
NFG 1 R "Retail Strategic Game" { "Player 1" "Player 2" }

{ { "rl1" }
{ "rl1" }
}
""

{
{ "" 58.0, 58.0 }
}
1 </nfgfile>
</game>
</gambit:document>
Count	rl1			
NE-1			1			
Inertia,0.9,Rationality,0.9,rl1,29.2,AlD,205.34,Error1,0.0,Error2,0.0
Actual Payoff Matrix
57.0,57.0  rl1 , 57.0,

<?xml version="1.0" encoding="UTF-8"?>
<gambit:document xmlns:gambit="http://gambit.sourceforge.net/" version="0.1">
<colors>
<player id="-1" red="0" green="0" blue="0" />
<player id="0" red="154" green="205" blue="50" />
<player id="1" red="255" green="0" blue="0" />
<player id="2" red="0" green="0" blue="255" />
</colors>
<font size="10" family="74" face="Arial" style="90" weight="92" />
<numbers decimals="4"/>
<game>
<nfgfile>
NFG 1 R "Retail Strategic Game" { "Player 1" "Player 2" }

{ { "rl1" }
{ "rl1" }
}
""

{
{ "" 57.0, 57.0 }
}
1 </nfgfile>
</game>
</gambit:document>
Count	rl1			
NE-1			1			
Inertia,0.9,Rationality,0.9,rl1,37.2,AlD,197.65,Error1,0.0,Error2,0.0
Actual Payoff Matrix
59.0,59.0  rl1 , 59.0,

<?xml version="1.0" encoding="UTF-8"?>
<gambit:document xmlns:gambit="http://gambit.sourceforge.net/" version="0.1">
<colors>
<player id="-1" red="0" green="0" blue="0" />
<player id="0" red="154" green="205" blue="50" />
<player id="1" red="255" green="0" blue="0" />
<player id="2" red="0" green="0" blue="255" />
</colors>
<font size="10" family="74" face="Arial" style="90" weight="92" />
<numbers decimals="4"/>
<game>
<nfgfile>
NFG 1 R "Retail Strategic Game" { "Player 1" "Player 2" }

{ { "rl1" }
{ "rl1" }
}
""

{
{ "" 59.0, 59.0 }
}
1 </nfgfile>
</game>
</gambit:document>
Count	rl1			
NE-1			1			
Inertia,0.9,Rationality,0.9,rl1,32.2,AlD,202.56,Error1,0.0,Error2,0.0
Actual Payoff Matrix
58.0,58.0  rl1 , 58.0,

<?xml version="1.0" encoding="UTF-8"?>
<gambit:document xmlns:gambit="http://gambit.sourceforge.net/" version="0.1">
<colors>
<player id="-1" red="0" green="0" blue="0" />
<player id="0" red="154" green="205" blue="50" />
<player id="1" red="255" green="0" blue="0" />
<player id="2" red="0" green="0" blue="255" />
</colors>
<font size="10" family="74" face="Arial" style="90" weight="92" />
<numbers decimals="4"/>
<game>
<nfgfile>
NFG 1 R "Retail Strategic Game" { "Player 1" "Player 2" }

{ { "rl1" }
{ "rl1" }
}
""

{
{ "" 58.0, 58.0 }
}
1 </nfgfile>
</game>
</gambit:document>
Count	rl1			
NE-1			1			
Inertia,0.9,Rationality,0.9,rl1,25.599999999999998,AlD,208.85,Error1,0.0,Error2,0.0
Actual Payoff Matrix
56.0,56.0  rl1 , 56.0,

<?xml version="1.0" encoding="UTF-8"?>
<gambit:document xmlns:gambit="http://gambit.sourceforge.net/" version="0.1">
<colors>
<player id="-1" red="0" green="0" blue="0" />
<player id="0" red="154" green="205" blue="50" />
<player id="1" red="255" green="0" blue="0" />
<player id="2" red="0" green="0" blue="255" />
</colors>
<font size="10" family="74" face="Arial" style="90" weight="92" />
<numbers decimals="4"/>
<game>
<nfgfile>
NFG 1 R "Retail Strategic Game" { "Player 1" "Player 2" }

{ { "rl1" }
{ "rl1" }
}
""

{
{ "" 56.0, 56.0 }
}
1 </nfgfile>
</game>
</gambit:document>
Count	rl1			
NE-1			1			
Inertia,0.9,Rationality,0.9,rl1,36.92,AlD,197.89399999999978,Error1,2.8263172815520923,Error2,2.7781258760250678
Actual Payoff Matrix
59.0,59.0  rl1 , 59.0,

<?xml version="1.0" encoding="UTF-8"?>
<gambit:document xmlns:gambit="http://gambit.sourceforge.net/" version="0.1">
<colors>
<player id="-1" red="0" green="0" blue="0" />
<player id="0" red="154" green="205" blue="50" />
<player id="1" red="255" green="0" blue="0" />
<player id="2" red="0" green="0" blue="255" />
</colors>
<font size="10" family="74" face="Arial" style="90" weight="92" />
<numbers decimals="4"/>
<game>
<nfgfile>
NFG 1 R "Retail Strategic Game" { "Player 1" "Player 2" }

{ { "rl1" }
{ "rl1" }
}
""

{
{ "" 59.0, 59.0 }
}
1 </nfgfile>
</game>
</gambit:document>
Count	rl1			
NE-1			1			
Inertia,0.9,Rationality,0.9,rl1,37.31400000000002,AlD,197.5105999999997,Error1,1.0905247661855284,Error2,1.0632242101505407
Actual Payoff Matrix
59.0,59.0  rl1 , 59.0,

<?xml version="1.0" encoding="UTF-8"?>
<gambit:document xmlns:gambit="http://gambit.sourceforge.net/" version="0.1">
<colors>
<player id="-1" red="0" green="0" blue="0" />
<player id="0" red="154" green="205" blue="50" />
<player id="1" red="255" green="0" blue="0" />
<player id="2" red="0" green="0" blue="255" />
</colors>
<font size="10" family="74" face="Arial" style="90" weight="92" />
<numbers decimals="4"/>
<game>
<nfgfile>
NFG 1 R "Retail Strategic Game" { "Player 1" "Player 2" }

{ { "rl1" }
{ "rl1" }
}
""

{
{ "" 59.0, 59.0 }
}
1 </nfgfile>
</game>
</gambit:document>
Count	rl1			
NE-1			1			
Inertia,0.9,Rationality,0.9,rl1,36.06399999999999,AlD,198.74159999999975,Error1,0.9566226516573821,Error2,0.9321646553388742
Actual Payoff Matrix
59.0,59.0  rl1 , 59.0,

<?xml version="1.0" encoding="UTF-8"?>
<gambit:document xmlns:gambit="http://gambit.sourceforge.net/" version="0.1">
<colors>
<player id="-1" red="0" green="0" blue="0" />
<player id="0" red="154" green="205" blue="50" />
<player id="1" red="255" green="0" blue="0" />
<player id="2" red="0" green="0" blue="255" />
</colors>
<font size="10" family="74" face="Arial" style="90" weight="92" />
<numbers decimals="4"/>
<game>
<nfgfile>
NFG 1 R "Retail Strategic Game" { "Player 1" "Player 2" }

{ { "rl1" }
{ "rl1" }
}
""

{
{ "" 59.0, 59.0 }
}
1 </nfgfile>
</game>
</gambit:document>
Count	rl1			
NE-1			1			
Inertia,0.9,Rationality,0.9,rl1,36.81399999999999,AlD,197.99639999999982,Error1,0.9848059740192489,Error2,0.9572906675073365
Actual Payoff Matrix
59.0,59.0  rl1 , 59.0,

<?xml version="1.0" encoding="UTF-8"?>
<gambit:document xmlns:gambit="http://gambit.sourceforge.net/" version="0.1">
<colors>
<player id="-1" red="0" green="0" blue="0" />
<player id="0" red="154" green="205" blue="50" />
<player id="1" red="255" green="0" blue="0" />
<player id="2" red="0" green="0" blue="255" />
</colors>
<font size="10" family="74" face="Arial" style="90" weight="92" />
<numbers decimals="4"/>
<game>
<nfgfile>
NFG 1 R "Retail Strategic Game" { "Player 1" "Player 2" }

{ { "rl1" }
{ "rl1" }
}
""

{
{ "" 59.0, 59.0 }
}
1 </nfgfile>
</game>
</gambit:document>
Count	rl1			
NE-1			1			
Inertia,0.9,Rationality,0.9,rl1,37.37,AlD,197.45399999999987,Error1,0.915794138439421,Error2,0.8938033252656873
Actual Payoff Matrix
59.0,59.0  rl1 , 59.0,

<?xml version="1.0" encoding="UTF-8"?>
<gambit:document xmlns:gambit="http://gambit.sourceforge.net/" version="0.1">
<colors>
<player id="-1" red="0" green="0" blue="0" />
<player id="0" red="154" green="205" blue="50" />
<player id="1" red="255" green="0" blue="0" />
<player id="2" red="0" green="0" blue="255" />
</colors>
<font size="10" family="74" face="Arial" style="90" weight="92" />
<numbers decimals="4"/>
<game>
<nfgfile>
NFG 1 R "Retail Strategic Game" { "Player 1" "Player 2" }

{ { "rl1" }
{ "rl1" }
}
""

{
{ "" 59.0, 59.0 }
}
1 </nfgfile>
</game>
</gambit:document>
Count	rl1			
NE-1			1			
Inertia,0.9,Rationality,0.9,rl1,36.48200000000001,AlD,198.33469999999969,Error1,1.0090493464722134,Error2,0.9846233361029801
Actual Payoff Matrix
59.0,59.0  rl1 , 59.0,

<?xml version="1.0" encoding="UTF-8"?>
<gambit:document xmlns:gambit="http://gambit.sourceforge.net/" version="0.1">
<colors>
<player id="-1" red="0" green="0" blue="0" />
<player id="0" red="154" green="205" blue="50" />
<player id="1" red="255" green="0" blue="0" />
<player id="2" red="0" green="0" blue="255" />
</colors>
<font size="10" family="74" face="Arial" style="90" weight="92" />
<numbers decimals="4"/>
<game>
<nfgfile>
NFG 1 R "Retail Strategic Game" { "Player 1" "Player 2" }

{ { "rl1" }
{ "rl1" }
}
""

{
{ "" 59.0, 59.0 }
}
1 </nfgfile>
</game>
</gambit:document>
Count	rl1			
NE-1			1			
Inertia,0.9,Rationality,0.9,rl1,36.550000000000026,AlD,198.2473999999998,Error1,0.9752905642935348,Error2,0.9492436264499438
Actual Payoff Matrix
59.0,59.0  rl1 , 59.0,

<?xml version="1.0" encoding="UTF-8"?>
<gambit:document xmlns:gambit="http://gambit.sourceforge.net/" version="0.1">
<colors>
<player id="-1" red="0" green="0" blue="0" />
<player id="0" red="154" green="205" blue="50" />
<player id="1" red="255" green="0" blue="0" />
<player id="2" red="0" green="0" blue="255" />
</colors>
<font size="10" family="74" face="Arial" style="90" weight="92" />
<numbers decimals="4"/>
<game>
<nfgfile>
NFG 1 R "Retail Strategic Game" { "Player 1" "Player 2" }

{ { "rl1" }
{ "rl1" }
}
""

{
{ "" 59.0, 59.0 }
}
1 </nfgfile>
</game>
</gambit:document>
Count	rl1			
NE-1			1			
Inertia,0.9,Rationality,0.9,rl1,40.445800000000006,AlD,194.33469999999986,Error1,3.2819076732811614,Error2,3.2993164722382287
Actual Payoff Matrix
60.0,60.0  rl1 , 60.0,

<?xml version="1.0" encoding="UTF-8"?>
<gambit:document xmlns:gambit="http://gambit.sourceforge.net/" version="0.1">
<colors>
<player id="-1" red="0" green="0" blue="0" />
<player id="0" red="154" green="205" blue="50" />
<player id="1" red="255" green="0" blue="0" />
<player id="2" red="0" green="0" blue="255" />
</colors>
<font size="10" family="74" face="Arial" style="90" weight="92" />
<numbers decimals="4"/>
<game>
<nfgfile>
NFG 1 R "Retail Strategic Game" { "Player 1" "Player 2" }

{ { "rl1" }
{ "rl1" }
}
""

{
{ "" 60.0, 60.0 }
}
1 </nfgfile>
</game>
</gambit:document>
Count	rl1			
NE-1			1			
Inertia,0.9,Rationality,0.9,rl1,36.03799999999999,AlD,198.76469999999983,Error1,0.913262331258659,Error2,0.8899506621013111
Actual Payoff Matrix
59.0,59.0  rl1 , 59.0,

<?xml version="1.0" encoding="UTF-8"?>
<gambit:document xmlns:gambit="http://gambit.sourceforge.net/" version="0.1">
<colors>
<player id="-1" red="0" green="0" blue="0" />
<player id="0" red="154" green="205" blue="50" />
<player id="1" red="255" green="0" blue="0" />
<player id="2" red="0" green="0" blue="255" />
</colors>
<font size="10" family="74" face="Arial" style="90" weight="92" />
<numbers decimals="4"/>
<game>
<nfgfile>
NFG 1 R "Retail Strategic Game" { "Player 1" "Player 2" }

{ { "rl1" }
{ "rl1" }
}
""

{
{ "" 59.0, 59.0 }
}
1 </nfgfile>
</game>
</gambit:document>
Count	rl1			
NE-1			1			
Inertia,0.9,Rationality,0.9,rl1,36.338,AlD,198.46749999999977,Error1,0.9110554806903917,Error2,0.8864403908554714
Actual Payoff Matrix
59.0,59.0  rl1 , 59.0,

<?xml version="1.0" encoding="UTF-8"?>
<gambit:document xmlns:gambit="http://gambit.sourceforge.net/" version="0.1">
<colors>
<player id="-1" red="0" green="0" blue="0" />
<player id="0" red="154" green="205" blue="50" />
<player id="1" red="255" green="0" blue="0" />
<player id="2" red="0" green="0" blue="255" />
</colors>
<font size="10" family="74" face="Arial" style="90" weight="92" />
<numbers decimals="4"/>
<game>
<nfgfile>
NFG 1 R "Retail Strategic Game" { "Player 1" "Player 2" }

{ { "rl1" }
{ "rl1" }
}
""

{
{ "" 59.0, 59.0 }
}
1 </nfgfile>
</game>
</gambit:document>
Count	rl1			
NE-1			1			
Inertia,0.9,Rationality,0.9,rl1,42.8,AlD,192.07999999999998,Error1,0.0,Error2,0.0
Actual Payoff Matrix
61.0,61.0  rl1 , 61.0,

<?xml version="1.0" encoding="UTF-8"?>
<gambit:document xmlns:gambit="http://gambit.sourceforge.net/" version="0.1">
<colors>
<player id="-1" red="0" green="0" blue="0" />
<player id="0" red="154" green="205" blue="50" />
<player id="1" red="255" green="0" blue="0" />
<player id="2" red="0" green="0" blue="255" />
</colors>
<font size="10" family="74" face="Arial" style="90" weight="92" />
<numbers decimals="4"/>
<game>
<nfgfile>
NFG 1 R "Retail Strategic Game" { "Player 1" "Player 2" }

{ { "rl1" }
{ "rl1" }
}
""

{
{ "" 61.0, 61.0 }
}
1 </nfgfile>
</game>
</gambit:document>
Count	rl1			
NE-1			1			
Inertia,0.9,Rationality,0.9,rl1,35.99400000000001,AlD,198.81239999999977,Error1,0.9086532096592194,Error2,0.8830215318800795
Actual Payoff Matrix
59.0,59.0  rl1 , 59.0,

<?xml version="1.0" encoding="UTF-8"?>
<gambit:document xmlns:gambit="http://gambit.sourceforge.net/" version="0.1">
<colors>
<player id="-1" red="0" green="0" blue="0" />
<player id="0" red="154" green="205" blue="50" />
<player id="1" red="255" green="0" blue="0" />
<player id="2" red="0" green="0" blue="255" />
</colors>
<font size="10" family="74" face="Arial" style="90" weight="92" />
<numbers decimals="4"/>
<game>
<nfgfile>
NFG 1 R "Retail Strategic Game" { "Player 1" "Player 2" }

{ { "rl1" }
{ "rl1" }
}
""

{
{ "" 59.0, 59.0 }
}
1 </nfgfile>
</game>
</gambit:document>
Count	rl1			
NE-1			1			
Inertia,0.9,Rationality,0.9,rl1,36.37999999999999,AlD,198.41229999999973,Error1,0.9220003331886606,Error2,0.8985019615845932
Actual Payoff Matrix
59.0,59.0  rl1 , 59.0,

<?xml version="1.0" encoding="UTF-8"?>
<gambit:document xmlns:gambit="http://gambit.sourceforge.net/" version="0.1">
<colors>
<player id="-1" red="0" green="0" blue="0" />
<player id="0" red="154" green="205" blue="50" />
<player id="1" red="255" green="0" blue="0" />
<player id="2" red="0" green="0" blue="255" />
</colors>
<font size="10" family="74" face="Arial" style="90" weight="92" />
<numbers decimals="4"/>
<game>
<nfgfile>
NFG 1 R "Retail Strategic Game" { "Player 1" "Player 2" }

{ { "rl1" }
{ "rl1" }
}
""

{
{ "" 59.0, 59.0 }
}
1 </nfgfile>
</game>
</gambit:document>
Count	rl1			
NE-1			1			
Inertia,0.9,Rationality,0.9,rl1,74.88550000000004,AlD,159.86399999999983,Error1,6.609243686787465,Error2,6.710434307480236
Actual Payoff Matrix
73.0,73.0  rl1 , 73.0,

<?xml version="1.0" encoding="UTF-8"?>
<gambit:document xmlns:gambit="http://gambit.sourceforge.net/" version="0.1">
<colors>
<player id="-1" red="0" green="0" blue="0" />
<player id="0" red="154" green="205" blue="50" />
<player id="1" red="255" green="0" blue="0" />
<player id="2" red="0" green="0" blue="255" />
</colors>
<font size="10" family="74" face="Arial" style="90" weight="92" />
<numbers decimals="4"/>
<game>
<nfgfile>
NFG 1 R "Retail Strategic Game" { "Player 1" "Player 2" }

{ { "rl1" }
{ "rl1" }
}
""

{
{ "" 73.0, 73.0 }
}
1 </nfgfile>
</game>
</gambit:document>
Count	rl1			
NE-1			1			
Inertia,0.9,Rationality,0.9,rl1,39.400000000000006,AlD,195.4199999999998,Error1,0.0,Error2,0.0
Actual Payoff Matrix
60.0,60.0  rl1 , 60.0,

<?xml version="1.0" encoding="UTF-8"?>
<gambit:document xmlns:gambit="http://gambit.sourceforge.net/" version="0.1">
<colors>
<player id="-1" red="0" green="0" blue="0" />
<player id="0" red="154" green="205" blue="50" />
<player id="1" red="255" green="0" blue="0" />
<player id="2" red="0" green="0" blue="255" />
</colors>
<font size="10" family="74" face="Arial" style="90" weight="92" />
<numbers decimals="4"/>
<game>
<nfgfile>
NFG 1 R "Retail Strategic Game" { "Player 1" "Player 2" }

{ { "rl1" }
{ "rl1" }
}
""

{
{ "" 60.0, 60.0 }
}
1 </nfgfile>
</game>
</gambit:document>
Count	rl1			
NE-1			1			
Inertia,0.9,Rationality,0.9,rl1,75.65400000000001,AlD,158.9309999999999,Error1,20.96814690884819,Error2,21.248254587138153
Actual Payoff Matrix
74.0,74.0  rl1 , 74.0,

<?xml version="1.0" encoding="UTF-8"?>
<gambit:document xmlns:gambit="http://gambit.sourceforge.net/" version="0.1">
<colors>
<player id="-1" red="0" green="0" blue="0" />
<player id="0" red="154" green="205" blue="50" />
<player id="1" red="255" green="0" blue="0" />
<player id="2" red="0" green="0" blue="255" />
</colors>
<font size="10" family="74" face="Arial" style="90" weight="92" />
<numbers decimals="4"/>
<game>
<nfgfile>
NFG 1 R "Retail Strategic Game" { "Player 1" "Player 2" }

{ { "rl1" }
{ "rl1" }
}
""

{
{ "" 74.0, 74.0 }
}
1 </nfgfile>
</game>
</gambit:document>
Count	rl1			
NE-1			1			
Inertia,0.9,Rationality,0.9,rl1,41.000000000000014,AlD,193.94999999999976,Error1,0.0,Error2,0.0
Actual Payoff Matrix
61.0,61.0  rl1 , 61.0,

<?xml version="1.0" encoding="UTF-8"?>
<gambit:document xmlns:gambit="http://gambit.sourceforge.net/" version="0.1">
<colors>
<player id="-1" red="0" green="0" blue="0" />
<player id="0" red="154" green="205" blue="50" />
<player id="1" red="255" green="0" blue="0" />
<player id="2" red="0" green="0" blue="255" />
</colors>
<font size="10" family="74" face="Arial" style="90" weight="92" />
<numbers decimals="4"/>
<game>
<nfgfile>
NFG 1 R "Retail Strategic Game" { "Player 1" "Player 2" }

{ { "rl1" }
{ "rl1" }
}
""

{
{ "" 61.0, 61.0 }
}
1 </nfgfile>
</game>
</gambit:document>
Count	rl1			
NE-1			1			
Inertia,0.9,Rationality,0.9,rl1,83.64129999999997,AlD,150.93859999999987,Error1,6.979612407676872,Error2,7.085422994151328
Actual Payoff Matrix
78.0,78.0  rl1 , 78.0,

<?xml version="1.0" encoding="UTF-8"?>
<gambit:document xmlns:gambit="http://gambit.sourceforge.net/" version="0.1">
<colors>
<player id="-1" red="0" green="0" blue="0" />
<player id="0" red="154" green="205" blue="50" />
<player id="1" red="255" green="0" blue="0" />
<player id="2" red="0" green="0" blue="255" />
</colors>
<font size="10" family="74" face="Arial" style="90" weight="92" />
<numbers decimals="4"/>
<game>
<nfgfile>
NFG 1 R "Retail Strategic Game" { "Player 1" "Player 2" }

{ { "rl1" }
{ "rl1" }
}
""

{
{ "" 78.0, 78.0 }
}
1 </nfgfile>
</game>
</gambit:document>
Count	rl1			
NE-1			1			
Inertia,0.9,Rationality,0.9,rl1,119.03,AlD,114.97,Error1,0.0,Error2,0.0
Actual Payoff Matrix
98.0,98.0  rl1 , 98.0,

<?xml version="1.0" encoding="UTF-8"?>
<gambit:document xmlns:gambit="http://gambit.sourceforge.net/" version="0.1">
<colors>
<player id="-1" red="0" green="0" blue="0" />
<player id="0" red="154" green="205" blue="50" />
<player id="1" red="255" green="0" blue="0" />
<player id="2" red="0" green="0" blue="255" />
</colors>
<font size="10" family="74" face="Arial" style="90" weight="92" />
<numbers decimals="4"/>
<game>
<nfgfile>
NFG 1 R "Retail Strategic Game" { "Player 1" "Player 2" }

{ { "rl1" }
{ "rl1" }
}
""

{
{ "" 98.0, 98.0 }
}
1 </nfgfile>
</game>
</gambit:document>
Count	rl1			
NE-1			1			
Inertia,0.9,Rationality,0.9,rl1,112.08000000000003,AlD,121.91999999999999,Error1,0.0,Error2,0.0
Actual Payoff Matrix
96.0,96.0  rl1 , 96.0,

<?xml version="1.0" encoding="UTF-8"?>
<gambit:document xmlns:gambit="http://gambit.sourceforge.net/" version="0.1">
<colors>
<player id="-1" red="0" green="0" blue="0" />
<player id="0" red="154" green="205" blue="50" />
<player id="1" red="255" green="0" blue="0" />
<player id="2" red="0" green="0" blue="255" />
</colors>
<font size="10" family="74" face="Arial" style="90" weight="92" />
<numbers decimals="4"/>
<game>
<nfgfile>
NFG 1 R "Retail Strategic Game" { "Player 1" "Player 2" }

{ { "rl1" }
{ "rl1" }
}
""

{
{ "" 96.0, 96.0 }
}
1 </nfgfile>
</game>
</gambit:document>
Count	rl1			
NE-1			1			
Inertia,0.9,Rationality,0.9,rl1,120.63999999999999,AlD,113.36,Error1,0.0,Error2,0.0
Actual Payoff Matrix
97.0,97.0  rl1 , 97.0,

<?xml version="1.0" encoding="UTF-8"?>
<gambit:document xmlns:gambit="http://gambit.sourceforge.net/" version="0.1">
<colors>
<player id="-1" red="0" green="0" blue="0" />
<player id="0" red="154" green="205" blue="50" />
<player id="1" red="255" green="0" blue="0" />
<player id="2" red="0" green="0" blue="255" />
</colors>
<font size="10" family="74" face="Arial" style="90" weight="92" />
<numbers decimals="4"/>
<game>
<nfgfile>
NFG 1 R "Retail Strategic Game" { "Player 1" "Player 2" }

{ { "rl1" }
{ "rl1" }
}
""

{
{ "" 97.0, 97.0 }
}
1 </nfgfile>
</game>
</gambit:document>
Count	rl1			
NE-1			1			
Inertia,0.9,Rationality,0.9,rl1,123.34040000000003,AlzIncz,122.65960000000003,Error1,1.1475730845769436,Error2,1.1475730845769443
Actual Payoff Matrix
100.0,100.0  rl1 , 100.0,

<?xml version="1.0" encoding="UTF-8"?>
<gambit:document xmlns:gambit="http://gambit.sourceforge.net/" version="0.1">
<colors>
<player id="-1" red="0" green="0" blue="0" />
<player id="0" red="154" green="205" blue="50" />
<player id="1" red="255" green="0" blue="0" />
<player id="2" red="0" green="0" blue="255" />
</colors>
<font size="10" family="74" face="Arial" style="90" weight="92" />
<numbers decimals="4"/>
<game>
<nfgfile>
NFG 1 R "Retail Strategic Game" { "Player 1" "Player 2" }

{ { "rl1" }
{ "rl1" }
}
""

{
{ "" 100.0, 100.0 }
}
1 </nfgfile>
</game>
</gambit:document>
Count	rl1			
NE-1			1			
Inertia,0.9,Rationality,0.9,rl1,220.7127999999997,AlzIncz,16.568300000000004,Error1,1.7381819075627858,Error2,2.3195261423803273
Actual Payoff Matrix
54.0,54.0  rl1 , 54.0,

<?xml version="1.0" encoding="UTF-8"?>
<gambit:document xmlns:gambit="http://gambit.sourceforge.net/" version="0.1">
<colors>
<player id="-1" red="0" green="0" blue="0" />
<player id="0" red="154" green="205" blue="50" />
<player id="1" red="255" green="0" blue="0" />
<player id="2" red="0" green="0" blue="255" />
</colors>
<font size="10" family="74" face="Arial" style="90" weight="92" />
<numbers decimals="4"/>
<game>
<nfgfile>
NFG 1 R "Retail Strategic Game" { "Player 1" "Player 2" }

{ { "rl1" }
{ "rl1" }
}
""

{
{ "" 54.0, 54.0 }
}
1 </nfgfile>
</game>
</gambit:document>
Count	rl1			
NE-1			1			
Inertia,0.9,Rationality,0.9,rl1,127.02000000000002,AlzIncz,118.98000000000005,Error1,0.0,Error2,0.0
Actual Payoff Matrix
97.0,97.0  rl1 , 97.0,

<?xml version="1.0" encoding="UTF-8"?>
<gambit:document xmlns:gambit="http://gambit.sourceforge.net/" version="0.1">
<colors>
<player id="-1" red="0" green="0" blue="0" />
<player id="0" red="154" green="205" blue="50" />
<player id="1" red="255" green="0" blue="0" />
<player id="2" red="0" green="0" blue="255" />
</colors>
<font size="10" family="74" face="Arial" style="90" weight="92" />
<numbers decimals="4"/>
<game>
<nfgfile>
NFG 1 R "Retail Strategic Game" { "Player 1" "Player 2" }

{ { "rl1" }
{ "rl1" }
}
""

{
{ "" 97.0, 97.0 }
}
1 </nfgfile>
</game>
</gambit:document>
Count	rl1			
NE-1			1			
Inertia,0.9,Rationality,0.9,rl1,123.83820000000003,rl1,122.16180000000011,Error1,1.241484620365537,Error2,1.2414846203655376
Inertia,0.9,Rationality,0.9,rl1,7.4224999999999985,AlD,226.83049999999977,Error1,0.4136058275556573,Error2,0.3945700895455686
Inertia,0.9,Rationality,0.9,rl1,122.62520000000006,AlzIncz,123.3748,Error1,1.4046568736824532,Error2,1.4046568736824532
Inertia,0.9,Rationality,0.9,AlD,117.45739999999999,AlD,116.54260000000001,Error1,1.2153727086173325,Error2,1.2153727086173318
Inertia,0.9,Rationality,0.9,AlD,229.20729999999966,AlzIncz,4.927300000000002,Error1,0.355584284145628,Error2,0.3730426200574941
Inertia,0.9,Rationality,0.9,AlzIncz,123.60120000000005,AlzIncz,122.39880000000011,Error1,1.3392652973600725,Error2,1.339265297360072
Actual Payoff Matrix
54.0,54.0  3.0,99.0  53.0,54.0  rl1 , 110.0,
99.0,3.0  51.0,51.0  100.0,2.0  AlD , 250.0,
54.0,53.0  2.0,100.0  54.0,54.0  AlzIncz , 110.0,

<?xml version="1.0" encoding="UTF-8"?>
<gambit:document xmlns:gambit="http://gambit.sourceforge.net/" version="0.1">
<colors>
<player id="-1" red="0" green="0" blue="0" />
<player id="0" red="154" green="205" blue="50" />
<player id="1" red="255" green="0" blue="0" />
<player id="2" red="0" green="0" blue="255" />
</colors>
<font size="10" family="74" face="Arial" style="90" weight="92" />
<numbers decimals="4"/>
<game>
<nfgfile>
NFG 1 R "Retail Strategic Game" { "Player 1" "Player 2" }

{ { "rl1"  "AlD"  "AlzIncz" }
{ "rl1"  "AlD"  "AlzIncz" }
}
""

{
{ "" 54.0, 54.0 }
{ "" 99.0, 3.0 }
{ "" 54.0, 53.0 }
{ "" 3.0, 99.0 }
{ "" 51.0, 51.0 }
{ "" 2.0, 100.0 }
{ "" 53.0, 54.0 }
{ "" 100.0, 2.0 }
{ "" 54.0, 54.0 }
}
1 2 3 4 5 6 7 8 9 </nfgfile>
</game>
</gambit:document>
Count	rl1			AlD			AlzIncz			
NE-1			0			1			0			
Inertia,0.9,Rationality,0.9,rl1,981.548,AlD,793.7833999999999,Error1,16.787704450572615,Error2,15.355704350743101
Actual Payoff Matrix
90.0,90.0  rl1 , 90.0,

<?xml version="1.0" encoding="UTF-8"?>
<gambit:document xmlns:gambit="http://gambit.sourceforge.net/" version="0.1">
<colors>
<player id="-1" red="0" green="0" blue="0" />
<player id="0" red="154" green="205" blue="50" />
<player id="1" red="255" green="0" blue="0" />
<player id="2" red="0" green="0" blue="255" />
</colors>
<font size="10" family="74" face="Arial" style="90" weight="92" />
<numbers decimals="4"/>
<game>
<nfgfile>
NFG 1 R "Retail Strategic Game" { "Player 1" "Player 2" }

{ { "rl1" }
{ "rl1" }
}
""

{
{ "" 90.0, 90.0 }
}
1 </nfgfile>
</game>
</gambit:document>
Count	rl1			
NE-1			1			
Inertia,0.9,Rationality,0.9,rl1,2192.9649000000004,AlzIncz,18.550500000000007,Error1,46.96310840804965,Error2,2.8446243823204496
Actual Payoff Matrix
50.0,50.0  rl1 , 50.0,

<?xml version="1.0" encoding="UTF-8"?>
<gambit:document xmlns:gambit="http://gambit.sourceforge.net/" version="0.1">
<colors>
<player id="-1" red="0" green="0" blue="0" />
<player id="0" red="154" green="205" blue="50" />
<player id="1" red="255" green="0" blue="0" />
<player id="2" red="0" green="0" blue="255" />
</colors>
<font size="10" family="74" face="Arial" style="90" weight="92" />
<numbers decimals="4"/>
<game>
<nfgfile>
NFG 1 R "Retail Strategic Game" { "Player 1" "Player 2" }

{ { "rl1" }
{ "rl1" }
}
""

{
{ "" 50.0, 50.0 }
}
1 </nfgfile>
</game>
</gambit:document>
Count	rl1			
NE-1			1			
